/*
SQLyog Ultimate v11.11 (64 bit)
MySQL - 5.5.5-10.1.31-MariaDB : Database - payroll
*********************************************************************
*/

/*!40101 SET NAMES utf8 */;

/*!40101 SET SQL_MODE=''*/;

/*!40014 SET @OLD_UNIQUE_CHECKS=@@UNIQUE_CHECKS, UNIQUE_CHECKS=0 */;
/*!40014 SET @OLD_FOREIGN_KEY_CHECKS=@@FOREIGN_KEY_CHECKS, FOREIGN_KEY_CHECKS=0 */;
/*!40101 SET @OLD_SQL_MODE=@@SQL_MODE, SQL_MODE='NO_AUTO_VALUE_ON_ZERO' */;
/*!40111 SET @OLD_SQL_NOTES=@@SQL_NOTES, SQL_NOTES=0 */;
CREATE DATABASE /*!32312 IF NOT EXISTS*/`payroll` /*!40100 DEFAULT CHARACTER SET latin1 */;

USE `payroll`;

/*Table structure for table `advances` */

DROP TABLE IF EXISTS `advances`;

CREATE TABLE `advances` (
  `id` int(10) unsigned NOT NULL AUTO_INCREMENT,
  `employee_id` int(11) NOT NULL,
  `advance_date` date NOT NULL,
  `advance_refund` date NOT NULL,
  `advance_desc` varchar(120) COLLATE utf8mb4_unicode_ci DEFAULT NULL,
  `advance_amount` decimal(12,2) NOT NULL DEFAULT '0.00',
  `advance_balance` decimal(12,2) NOT NULL DEFAULT '0.00',
  `advance_paid` int(11) NOT NULL DEFAULT '0',
  `advance_status` int(11) NOT NULL DEFAULT '0',
  `user_id` int(11) NOT NULL,
  `created_at` timestamp NULL DEFAULT NULL,
  `updated_at` timestamp NULL DEFAULT NULL,
  `deleted_at` timestamp NULL DEFAULT NULL,
  PRIMARY KEY (`id`)
) ENGINE=InnoDB AUTO_INCREMENT=3 DEFAULT CHARSET=utf8mb4 COLLATE=utf8mb4_unicode_ci;

/*Data for the table `advances` */

insert  into `advances`(`id`,`employee_id`,`advance_date`,`advance_refund`,`advance_desc`,`advance_amount`,`advance_balance`,`advance_paid`,`advance_status`,`user_id`,`created_at`,`updated_at`,`deleted_at`) values (1,37,'2018-06-01','2018-08-01','Dadakan',3000000.00,3000000.00,0,0,1,'2018-07-27 03:30:56','2018-07-27 03:30:56',NULL);

/*Table structure for table `attends` */

DROP TABLE IF EXISTS `attends`;

CREATE TABLE `attends` (
  `id` int(10) unsigned NOT NULL AUTO_INCREMENT,
  `employee_id` int(11) NOT NULL,
  `attend_date` date NOT NULL,
  `attend_time_in` time NOT NULL,
  `attend_time_out` time DEFAULT NULL,
  `attend_overtime_start` time DEFAULT NULL,
  `attend_overtime_end` time DEFAULT NULL,
  `created_at` timestamp NULL DEFAULT NULL,
  `updated_at` timestamp NULL DEFAULT NULL,
  PRIMARY KEY (`id`)
) ENGINE=InnoDB AUTO_INCREMENT=889 DEFAULT CHARSET=utf8mb4 COLLATE=utf8mb4_unicode_ci;

/*Data for the table `attends` */

insert  into `attends`(`id`,`employee_id`,`attend_date`,`attend_time_in`,`attend_time_out`,`attend_overtime_start`,`attend_overtime_end`,`created_at`,`updated_at`) values (7,41,'2018-06-01','08:00:00','17:00:00','18:00:00','21:00:00','2018-07-11 19:01:45','2018-07-11 19:01:45'),(9,43,'2018-06-01','08:00:00','17:00:00','18:00:00','21:00:00','2018-07-11 19:01:45','2018-07-11 19:01:45'),(11,45,'2018-06-01','08:00:00','17:00:00','18:00:00','21:00:00','2018-07-11 19:01:45','2018-07-11 19:01:45'),(13,47,'2018-06-01','08:00:00','17:00:00','18:00:00','21:00:00','2018-07-11 19:01:45','2018-07-11 19:01:45'),(15,49,'2018-06-01','08:00:00','17:00:00','18:00:00','21:00:00','2018-07-11 19:01:45','2018-07-11 19:01:45'),(17,51,'2018-06-01','08:00:00','17:00:00','18:00:00','21:00:00','2018-07-11 19:01:45','2018-07-11 19:01:45'),(19,53,'2018-06-01','08:00:00','17:00:00','18:00:00','21:00:00','2018-07-11 19:01:45','2018-07-11 19:01:45'),(21,55,'2018-06-01','08:00:00','17:00:00','18:00:00','21:00:00','2018-07-11 19:01:45','2018-07-11 19:01:45'),(23,57,'2018-06-01','08:00:00','17:00:00','18:00:00','21:00:00','2018-07-11 19:01:45','2018-07-11 19:01:45'),(25,59,'2018-06-01','08:00:00','17:00:00','18:00:00','21:00:00','2018-07-11 19:01:45','2018-07-11 19:01:45'),(27,61,'2018-06-01','08:00:00','17:00:00','18:00:00','21:00:00','2018-07-11 19:01:45','2018-07-11 19:01:45'),(29,63,'2018-06-01','08:00:00','17:00:00','18:00:00','21:00:00','2018-07-11 19:01:45','2018-07-11 19:01:45'),(31,41,'2018-06-02','08:00:00','12:00:00','18:00:00','20:00:00','2018-07-11 19:01:45','2018-07-11 19:01:45'),(33,43,'2018-06-02','08:00:00','12:00:00','18:00:00','20:00:00','2018-07-11 19:01:45','2018-07-11 19:01:45'),(35,45,'2018-06-02','08:00:00','12:00:00','18:00:00','20:00:00','2018-07-11 19:01:45','2018-07-11 19:01:45'),(37,47,'2018-06-02','08:00:00','12:00:00','18:00:00','20:00:00','2018-07-11 19:01:45','2018-07-11 19:01:45'),(39,49,'2018-06-02','08:00:00','12:00:00','18:00:00','20:00:00','2018-07-11 19:01:45','2018-07-11 19:01:45'),(41,51,'2018-06-02','08:00:00','12:00:00','18:00:00','20:00:00','2018-07-11 19:01:45','2018-07-11 19:01:45'),(43,53,'2018-06-02','08:00:00','12:00:00','18:00:00','20:00:00','2018-07-11 19:01:45','2018-07-11 19:01:45'),(45,55,'2018-06-02','08:00:00','12:00:00','18:00:00','20:00:00','2018-07-11 19:01:45','2018-07-11 19:01:45'),(47,57,'2018-06-02','08:00:00','12:00:00','18:00:00','20:00:00','2018-07-11 19:01:45','2018-07-11 19:01:45'),(49,59,'2018-06-02','08:00:00','12:00:00','18:00:00','20:00:00','2018-07-11 19:01:45','2018-07-11 19:01:45'),(51,61,'2018-06-02','08:00:00','12:00:00','18:00:00','20:00:00','2018-07-11 19:01:45','2018-07-11 19:01:45'),(53,63,'2018-06-02','08:00:00','12:00:00','18:00:00','20:00:00','2018-07-11 19:01:45','2018-07-11 19:01:45'),(55,41,'2018-06-03','08:00:00','17:00:00',NULL,NULL,'2018-07-11 19:01:45','2018-07-11 19:01:45'),(57,43,'2018-06-03','08:00:00','17:00:00',NULL,NULL,'2018-07-11 19:01:45','2018-07-11 19:01:45'),(59,45,'2018-06-03','08:00:00','17:00:00',NULL,NULL,'2018-07-11 19:01:45','2018-07-11 19:01:45'),(61,47,'2018-06-03','08:00:00','17:00:00',NULL,NULL,'2018-07-11 19:01:45','2018-07-11 19:01:45'),(63,49,'2018-06-03','08:00:00','17:00:00',NULL,NULL,'2018-07-11 19:01:45','2018-07-11 19:01:45'),(65,51,'2018-06-03','08:00:00','17:00:00',NULL,NULL,'2018-07-11 19:01:45','2018-07-11 19:01:45'),(67,53,'2018-06-03','08:00:00','17:00:00',NULL,NULL,'2018-07-11 19:01:45','2018-07-11 19:01:45'),(69,55,'2018-06-03','08:00:00','17:00:00',NULL,NULL,'2018-07-11 19:01:45','2018-07-11 19:01:45'),(71,57,'2018-06-03','08:00:00','17:00:00',NULL,NULL,'2018-07-11 19:01:45','2018-07-11 19:01:45'),(73,59,'2018-06-03','08:00:00','17:00:00',NULL,NULL,'2018-07-11 19:01:45','2018-07-11 19:01:45'),(75,61,'2018-06-03','08:00:00','17:00:00',NULL,NULL,'2018-07-11 19:01:45','2018-07-11 19:01:45'),(77,63,'2018-06-03','08:00:00','17:00:00','18:00:00','21:00:00','2018-07-11 19:01:45','2018-07-11 19:01:45'),(79,41,'2018-06-04','08:00:00','17:00:00','18:00:00','21:00:00','2018-07-11 19:01:45','2018-07-11 19:01:45'),(81,43,'2018-06-04','08:00:00','17:00:00','18:00:00','21:00:00','2018-07-11 19:01:45','2018-07-11 19:01:45'),(83,45,'2018-06-04','08:00:00','17:00:00','18:00:00','21:00:00','2018-07-11 19:01:45','2018-07-11 19:01:45'),(85,47,'2018-06-04','08:00:00','17:00:00','18:00:00','21:00:00','2018-07-11 19:01:45','2018-07-11 19:01:45'),(87,49,'2018-06-04','08:00:00','17:00:00','18:00:00','21:00:00','2018-07-11 19:01:45','2018-07-11 19:01:45'),(89,51,'2018-06-04','08:00:00','17:00:00','18:00:00','21:00:00','2018-07-11 19:01:45','2018-07-11 19:01:45'),(91,53,'2018-06-04','08:00:00','17:00:00','18:00:00','21:00:00','2018-07-11 19:01:45','2018-07-11 19:01:45'),(93,55,'2018-06-04','08:00:00','17:00:00','18:00:00','21:00:00','2018-07-11 19:01:45','2018-07-11 19:01:45'),(95,57,'2018-06-04','08:00:00','17:00:00','18:00:00','21:00:00','2018-07-11 19:01:45','2018-07-11 19:01:45'),(97,59,'2018-06-04','08:00:00','17:00:00','18:00:00','21:00:00','2018-07-11 19:01:45','2018-07-11 19:01:45'),(99,61,'2018-06-04','08:00:00','17:00:00','18:00:00','21:00:00','2018-07-11 19:01:45','2018-07-11 19:01:45'),(101,63,'2018-06-04','08:00:00','17:00:00','18:00:00','21:00:00','2018-07-11 19:01:45','2018-07-11 19:01:45'),(103,41,'2018-06-05','08:00:00','17:00:00',NULL,NULL,'2018-07-11 19:01:45','2018-07-11 19:01:45'),(105,43,'2018-06-05','08:00:00','17:00:00',NULL,NULL,'2018-07-11 19:01:45','2018-07-11 19:01:45'),(107,45,'2018-06-05','08:00:00','17:00:00',NULL,NULL,'2018-07-11 19:01:45','2018-07-11 19:01:45'),(109,47,'2018-06-05','08:00:00','17:00:00',NULL,NULL,'2018-07-11 19:01:45','2018-07-11 19:01:45'),(111,49,'2018-06-05','08:00:00','17:00:00',NULL,NULL,'2018-07-11 19:01:45','2018-07-11 19:01:45'),(113,51,'2018-06-05','08:00:00','17:00:00',NULL,NULL,'2018-07-11 19:01:45','2018-07-11 19:01:45'),(115,53,'2018-06-05','08:00:00','17:00:00',NULL,NULL,'2018-07-11 19:01:45','2018-07-11 19:01:45'),(117,55,'2018-06-05','08:00:00','17:00:00',NULL,NULL,'2018-07-11 19:01:45','2018-07-11 19:01:45'),(119,57,'2018-06-05','08:00:00','17:00:00',NULL,NULL,'2018-07-11 19:01:45','2018-07-11 19:01:45'),(121,59,'2018-06-05','08:00:00','17:00:00',NULL,NULL,'2018-07-11 19:01:45','2018-07-11 19:01:45'),(123,61,'2018-06-05','08:00:00','17:00:00',NULL,NULL,'2018-07-11 19:01:45','2018-07-11 19:01:45'),(125,63,'2018-06-05','08:00:00','17:00:00','18:00:00','22:00:00','2018-07-11 19:01:45','2018-07-11 19:01:45'),(127,41,'2018-06-06','08:00:00','12:00:00',NULL,NULL,'2018-07-11 19:01:45','2018-07-11 19:01:45'),(129,43,'2018-06-06','08:00:00','12:00:00',NULL,NULL,'2018-07-11 19:01:45','2018-07-11 19:01:45'),(131,45,'2018-06-06','08:00:00','17:00:00',NULL,NULL,'2018-07-11 19:01:45','2018-07-11 19:01:45'),(133,47,'2018-06-06','08:00:00','12:00:00',NULL,NULL,'2018-07-11 19:01:45','2018-07-11 19:01:45'),(135,49,'2018-06-06','08:00:00','12:00:00',NULL,NULL,'2018-07-11 19:01:45','2018-07-11 19:01:45'),(137,51,'2018-06-06','08:00:00','12:00:00',NULL,NULL,'2018-07-11 19:01:45','2018-07-11 19:01:45'),(139,53,'2018-06-06','08:00:00','12:00:00',NULL,NULL,'2018-07-11 19:01:45','2018-07-11 19:01:45'),(141,55,'2018-06-06','08:00:00','12:00:00',NULL,NULL,'2018-07-11 19:01:45','2018-07-11 19:01:45'),(143,57,'2018-06-06','08:00:00','12:00:00',NULL,NULL,'2018-07-11 19:01:45','2018-07-11 19:01:45'),(145,59,'2018-06-06','08:00:00','12:00:00','18:00:00','21:00:00','2018-07-11 19:01:45','2018-07-11 19:01:45'),(147,61,'2018-06-06','08:00:00','12:00:00','18:00:00','22:00:00','2018-07-11 19:01:45','2018-07-11 19:01:45'),(149,63,'2018-06-06','08:00:00','12:00:00',NULL,NULL,'2018-07-11 19:01:45','2018-07-11 19:01:45'),(151,41,'2018-06-07','08:00:00','17:00:00',NULL,NULL,'2018-07-11 19:01:45','2018-07-11 19:01:45'),(153,43,'2018-06-07','08:00:00','17:00:00',NULL,NULL,'2018-07-11 19:01:45','2018-07-11 19:01:45'),(155,45,'2018-06-07','08:00:00','17:00:00',NULL,NULL,'2018-07-11 19:01:45','2018-07-11 19:01:45'),(157,47,'2018-06-07','08:00:00','17:00:00',NULL,NULL,'2018-07-11 19:01:45','2018-07-11 19:01:45'),(159,49,'2018-06-07','08:00:00','17:00:00',NULL,NULL,'2018-07-11 19:01:45','2018-07-11 19:01:45'),(161,51,'2018-06-07','08:00:00','17:00:00',NULL,NULL,'2018-07-11 19:01:45','2018-07-11 19:01:45'),(163,53,'2018-06-07','08:00:00','17:00:00','18:00:00','21:00:00','2018-07-11 19:01:45','2018-07-11 19:01:45'),(165,55,'2018-06-07','08:00:00','17:00:00','18:00:00','21:00:00','2018-07-11 19:01:45','2018-07-11 19:01:45'),(167,57,'2018-06-07','08:00:00','17:00:00','18:00:00','22:00:00','2018-07-11 19:01:45','2018-07-11 19:01:45'),(169,59,'2018-06-07','08:00:00','17:00:00',NULL,NULL,'2018-07-11 19:01:45','2018-07-11 19:01:45'),(171,61,'2018-06-07','08:00:00','17:00:00',NULL,NULL,'2018-07-11 19:01:45','2018-07-11 19:01:45'),(173,63,'2018-06-07','08:00:00','17:00:00',NULL,NULL,'2018-07-11 19:01:45','2018-07-11 19:01:45'),(175,41,'2018-06-08','08:00:00','17:00:00','18:00:00','21:00:00','2018-07-11 19:01:45','2018-07-11 19:01:45'),(177,43,'2018-06-08','08:00:00','17:00:00','18:00:00','21:00:00','2018-07-11 19:01:45','2018-07-11 19:01:45'),(179,45,'2018-06-08','08:00:00','17:00:00','18:00:00','21:00:00','2018-07-11 19:01:45','2018-07-11 19:01:45'),(181,47,'2018-06-08','08:00:00','17:00:00','18:00:00','21:00:00','2018-07-11 19:01:45','2018-07-11 19:01:45'),(183,49,'2018-06-08','08:00:00','17:00:00','18:00:00','21:00:00','2018-07-11 19:01:45','2018-07-11 19:01:45'),(185,51,'2018-06-08','08:00:00','17:00:00','18:00:00','21:00:00','2018-07-11 19:01:45','2018-07-11 19:01:45'),(187,53,'2018-06-08','08:00:00','17:00:00','18:00:00','21:00:00','2018-07-11 19:01:45','2018-07-11 19:01:45'),(189,55,'2018-06-08','08:00:00','17:00:00','18:00:00','21:00:00','2018-07-11 19:01:45','2018-07-11 19:01:45'),(191,57,'2018-06-08','08:00:00','17:00:00','18:00:00','21:00:00','2018-07-11 19:01:45','2018-07-11 19:01:45'),(193,59,'2018-06-08','08:00:00','17:00:00','18:00:00','21:00:00','2018-07-11 19:01:45','2018-07-11 19:01:45'),(195,61,'2018-06-08','08:00:00','17:00:00','18:00:00','21:00:00','2018-07-11 19:01:45','2018-07-11 19:01:45'),(197,63,'2018-06-08','08:00:00','17:00:00','18:00:00','21:00:00','2018-07-11 19:01:45','2018-07-11 19:01:45'),(199,41,'2018-06-09','08:00:00','17:00:00',NULL,NULL,'2018-07-11 19:01:45','2018-07-11 19:01:45'),(201,43,'2018-06-09','08:00:00','17:00:00',NULL,NULL,'2018-07-11 19:01:45','2018-07-11 19:01:45'),(203,45,'2018-06-09','08:00:00','17:00:00',NULL,NULL,'2018-07-11 19:01:45','2018-07-11 19:01:45'),(205,47,'2018-06-09','08:00:00','17:00:00',NULL,NULL,'2018-07-11 19:01:45','2018-07-11 19:01:45'),(207,49,'2018-06-09','08:00:00','17:00:00',NULL,NULL,'2018-07-11 19:01:45','2018-07-11 19:01:45'),(209,51,'2018-06-09','08:00:00','17:00:00',NULL,NULL,'2018-07-11 19:01:45','2018-07-11 19:01:45'),(211,53,'2018-06-09','08:00:00','17:00:00',NULL,NULL,'2018-07-11 19:01:45','2018-07-11 19:01:45'),(213,55,'2018-06-09','08:00:00','17:00:00',NULL,NULL,'2018-07-11 19:01:45','2018-07-11 19:01:45'),(215,57,'2018-06-09','08:00:00','17:00:00',NULL,NULL,'2018-07-11 19:01:45','2018-07-11 19:01:45'),(217,59,'2018-06-09','08:00:00','17:00:00',NULL,NULL,'2018-07-11 19:01:45','2018-07-11 19:01:45'),(219,61,'2018-06-09','08:00:00','17:00:00',NULL,NULL,'2018-07-11 19:01:45','2018-07-11 19:01:45'),(221,63,'2018-06-09','08:00:00','17:00:00',NULL,NULL,'2018-07-11 19:01:45','2018-07-11 19:01:45'),(223,41,'2018-06-10','08:00:00','17:00:00',NULL,NULL,'2018-07-11 19:01:45','2018-07-11 19:01:45'),(225,43,'2018-06-10','08:00:00','17:00:00',NULL,NULL,'2018-07-11 19:01:45','2018-07-11 19:01:45'),(227,45,'2018-06-10','08:00:00','17:00:00',NULL,NULL,'2018-07-11 19:01:45','2018-07-11 19:01:45'),(229,47,'2018-06-10','08:00:00','17:00:00',NULL,NULL,'2018-07-11 19:01:45','2018-07-11 19:01:45'),(231,49,'2018-06-10','08:00:00','17:00:00',NULL,NULL,'2018-07-11 19:01:45','2018-07-11 19:01:45'),(233,51,'2018-06-10','08:00:00','17:00:00',NULL,NULL,'2018-07-11 19:01:45','2018-07-11 19:01:45'),(235,53,'2018-06-10','08:00:00','17:00:00',NULL,NULL,'2018-07-11 19:01:45','2018-07-11 19:01:45'),(237,55,'2018-06-10','08:00:00','17:00:00',NULL,NULL,'2018-07-11 19:01:45','2018-07-11 19:01:45'),(239,57,'2018-06-10','08:00:00','17:00:00',NULL,NULL,'2018-07-11 19:01:45','2018-07-11 19:01:45'),(241,59,'2018-06-10','08:00:00','17:00:00',NULL,NULL,'2018-07-11 19:01:45','2018-07-11 19:01:45'),(243,61,'2018-06-10','08:00:00','17:00:00',NULL,NULL,'2018-07-11 19:01:45','2018-07-11 19:01:45'),(245,63,'2018-06-10','08:00:00','17:00:00',NULL,NULL,'2018-07-11 19:01:45','2018-07-11 19:01:45'),(247,41,'2018-06-11','08:00:00','17:00:00','18:00:00','22:00:00','2018-07-11 19:01:45','2018-07-11 19:01:45'),(249,43,'2018-06-11','08:00:00','17:00:00','18:00:00','22:00:00','2018-07-11 19:01:45','2018-07-11 19:01:45'),(251,45,'2018-06-11','08:00:00','17:00:00','18:00:00','22:00:00','2018-07-11 19:01:45','2018-07-11 19:01:45'),(253,47,'2018-06-11','08:00:00','17:00:00','18:00:00','22:00:00','2018-07-11 19:01:45','2018-07-11 19:01:45'),(255,49,'2018-06-11','08:00:00','17:00:00','18:00:00','22:00:00','2018-07-11 19:01:45','2018-07-11 19:01:45'),(257,51,'2018-06-11','08:00:00','17:00:00','18:00:00','22:00:00','2018-07-11 19:01:45','2018-07-11 19:01:45'),(259,53,'2018-06-11','08:00:00','17:00:00','18:00:00','22:00:00','2018-07-11 19:01:45','2018-07-11 19:01:45'),(261,55,'2018-06-11','08:00:00','17:00:00','18:00:00','22:00:00','2018-07-11 19:01:45','2018-07-11 19:01:45'),(263,57,'2018-06-11','08:00:00','17:00:00','18:00:00','22:00:00','2018-07-11 19:01:45','2018-07-11 19:01:45'),(265,59,'2018-06-11','08:00:00','17:00:00','18:00:00','22:00:00','2018-07-11 19:01:45','2018-07-11 19:01:45'),(267,61,'2018-06-11','08:00:00','17:00:00','18:00:00','22:00:00','2018-07-11 19:01:45','2018-07-11 19:01:45'),(269,63,'2018-06-11','08:00:00','17:00:00','18:00:00','22:00:00','2018-07-11 19:01:45','2018-07-11 19:01:45'),(271,41,'2018-06-12','08:00:00','17:00:00',NULL,NULL,'2018-07-11 19:01:45','2018-07-11 19:01:45'),(273,43,'2018-06-12','08:00:00','17:00:00',NULL,NULL,'2018-07-11 19:01:45','2018-07-11 19:01:45'),(275,45,'2018-06-12','08:00:00','17:00:00',NULL,NULL,'2018-07-11 19:01:45','2018-07-11 19:01:45'),(277,47,'2018-06-12','08:00:00','17:00:00',NULL,NULL,'2018-07-11 19:01:45','2018-07-11 19:01:45'),(279,49,'2018-06-12','08:00:00','17:00:00',NULL,NULL,'2018-07-11 19:01:45','2018-07-11 19:01:45'),(281,51,'2018-06-12','08:00:00','17:00:00',NULL,NULL,'2018-07-11 19:01:45','2018-07-11 19:01:45'),(283,53,'2018-06-12','08:00:00','17:00:00',NULL,NULL,'2018-07-11 19:01:45','2018-07-11 19:01:45'),(285,55,'2018-06-12','08:00:00','17:00:00',NULL,NULL,'2018-07-11 19:01:45','2018-07-11 19:01:45'),(287,57,'2018-06-12','08:00:00','17:00:00',NULL,NULL,'2018-07-11 19:01:45','2018-07-11 19:01:45'),(289,59,'2018-06-12','08:00:00','17:00:00',NULL,NULL,'2018-07-11 19:01:45','2018-07-11 19:01:45'),(291,61,'2018-06-12','08:00:00','17:00:00',NULL,NULL,'2018-07-11 19:01:45','2018-07-11 19:01:45'),(293,63,'2018-06-12','08:00:00','17:00:00',NULL,NULL,'2018-07-11 19:01:45','2018-07-11 19:01:45'),(295,41,'2018-06-13','08:00:00','17:00:00','18:00:00','22:00:00','2018-07-11 19:01:45','2018-07-11 19:01:45'),(297,43,'2018-06-13','08:00:00','17:00:00','18:00:00','22:00:00','2018-07-11 19:01:45','2018-07-11 19:01:45'),(299,45,'2018-06-13','08:00:00','17:00:00','18:00:00','22:00:00','2018-07-11 19:01:45','2018-07-11 19:01:45'),(301,47,'2018-06-13','08:00:00','17:00:00','18:00:00','22:00:00','2018-07-11 19:01:45','2018-07-11 19:01:45'),(303,49,'2018-06-13','08:00:00','17:00:00','18:00:00','22:00:00','2018-07-11 19:01:45','2018-07-11 19:01:45'),(305,51,'2018-06-13','08:00:00','17:00:00','18:00:00','22:00:00','2018-07-11 19:01:45','2018-07-11 19:01:45'),(307,53,'2018-06-13','08:00:00','17:00:00','18:00:00','22:00:00','2018-07-11 19:01:45','2018-07-11 19:01:45'),(309,55,'2018-06-13','08:00:00','17:00:00','18:00:00','22:00:00','2018-07-11 19:01:45','2018-07-11 19:01:45'),(311,57,'2018-06-13','08:00:00','17:00:00','18:00:00','22:00:00','2018-07-11 19:01:45','2018-07-11 19:01:45'),(313,59,'2018-06-13','08:00:00','17:00:00','18:00:00','22:00:00','2018-07-11 19:01:45','2018-07-11 19:01:45'),(315,61,'2018-06-13','08:00:00','17:00:00','18:00:00','22:00:00','2018-07-11 19:01:45','2018-07-11 19:01:45'),(317,63,'2018-06-13','08:00:00','17:00:00','18:00:00','22:00:00','2018-07-11 19:01:45','2018-07-11 19:01:45'),(319,41,'2018-06-14','08:00:00','17:00:00',NULL,NULL,'2018-07-11 19:01:45','2018-07-11 19:01:45'),(321,43,'2018-06-14','08:00:00','17:00:00',NULL,NULL,'2018-07-11 19:01:45','2018-07-11 19:01:45'),(323,45,'2018-06-14','08:00:00','17:00:00',NULL,NULL,'2018-07-11 19:01:45','2018-07-11 19:01:45'),(325,47,'2018-06-14','08:00:00','17:00:00',NULL,NULL,'2018-07-11 19:01:45','2018-07-11 19:01:45'),(327,49,'2018-06-14','08:00:00','17:00:00',NULL,NULL,'2018-07-11 19:01:45','2018-07-11 19:01:45'),(329,51,'2018-06-14','08:00:00','17:00:00',NULL,NULL,'2018-07-11 19:01:45','2018-07-11 19:01:45'),(331,53,'2018-06-14','08:00:00','17:00:00',NULL,NULL,'2018-07-11 19:01:45','2018-07-11 19:01:45'),(333,55,'2018-06-14','08:00:00','17:00:00',NULL,NULL,'2018-07-11 19:01:45','2018-07-11 19:01:45'),(335,57,'2018-06-14','08:00:00','17:00:00',NULL,NULL,'2018-07-11 19:01:45','2018-07-11 19:01:45'),(337,59,'2018-06-14','08:00:00','17:00:00',NULL,NULL,'2018-07-11 19:01:45','2018-07-11 19:01:45'),(339,61,'2018-06-14','08:00:00','17:00:00',NULL,NULL,'2018-07-11 19:01:45','2018-07-11 19:01:45'),(341,63,'2018-06-14','08:00:00','17:00:00',NULL,NULL,'2018-07-11 19:01:45','2018-07-11 19:01:45'),(343,41,'2018-06-15','08:00:00','17:00:00','18:00:00','22:00:00','2018-07-11 19:01:45','2018-07-11 19:01:45'),(345,43,'2018-06-15','08:00:00','17:00:00','18:00:00','22:00:00','2018-07-11 19:01:45','2018-07-11 19:01:45'),(347,45,'2018-06-15','08:00:00','17:00:00','18:00:00','22:00:00','2018-07-11 19:01:45','2018-07-11 19:01:45'),(349,47,'2018-06-15','08:00:00','17:00:00','18:00:00','22:00:00','2018-07-11 19:01:45','2018-07-11 19:01:45'),(351,49,'2018-06-15','08:00:00','17:00:00','18:00:00','22:00:00','2018-07-11 19:01:45','2018-07-11 19:01:45'),(353,51,'2018-06-15','08:00:00','17:00:00','18:00:00','22:00:00','2018-07-11 19:01:45','2018-07-11 19:01:45'),(355,53,'2018-06-15','08:00:00','17:00:00','18:00:00','22:00:00','2018-07-11 19:01:45','2018-07-11 19:01:45'),(357,55,'2018-06-15','08:00:00','17:00:00','18:00:00','22:00:00','2018-07-11 19:01:45','2018-07-11 19:01:45'),(359,57,'2018-06-15','08:00:00','17:00:00','18:00:00','22:00:00','2018-07-11 19:01:45','2018-07-11 19:01:45'),(361,59,'2018-06-15','08:00:00','17:00:00','18:00:00','22:00:00','2018-07-11 19:01:45','2018-07-11 19:01:45'),(363,61,'2018-06-15','08:00:00','17:00:00','18:00:00','22:00:00','2018-07-11 19:01:45','2018-07-11 19:01:45'),(365,63,'2018-06-15','08:00:00','17:00:00','18:00:00','22:00:00','2018-07-11 19:01:45','2018-07-11 19:01:45'),(367,41,'2018-07-01','08:00:00','17:00:00','18:00:00','21:00:00','2018-07-28 13:22:52','2018-07-28 13:22:52'),(369,43,'2018-07-01','08:00:00','17:00:00','18:00:00','21:00:00','2018-07-28 13:22:52','2018-07-28 13:22:52'),(371,45,'2018-07-01','08:00:00','17:00:00','18:00:00','21:00:00','2018-07-28 13:22:52','2018-07-28 13:22:52'),(373,47,'2018-07-01','08:00:00','17:00:00','18:00:00','21:00:00','2018-07-28 13:22:52','2018-07-28 13:22:52'),(375,49,'2018-07-01','08:00:00','17:00:00','18:00:00','21:00:00','2018-07-28 13:22:52','2018-07-28 13:22:52'),(377,51,'2018-07-01','08:00:00','17:00:00','18:00:00','21:00:00','2018-07-28 13:22:52','2018-07-28 13:22:52'),(379,53,'2018-07-01','08:00:00','17:00:00','18:00:00','21:00:00','2018-07-28 13:22:52','2018-07-28 13:22:52'),(381,55,'2018-07-01','08:00:00','17:00:00','18:00:00','21:00:00','2018-07-28 13:22:52','2018-07-28 13:22:52'),(383,57,'2018-07-01','08:00:00','17:00:00','18:00:00','21:00:00','2018-07-28 13:22:52','2018-07-28 13:22:52'),(385,59,'2018-07-01','08:00:00','17:00:00','18:00:00','21:00:00','2018-07-28 13:22:52','2018-07-28 13:22:52'),(387,61,'2018-07-01','08:00:00','17:00:00','18:00:00','21:00:00','2018-07-28 13:22:52','2018-07-28 13:22:52'),(389,63,'2018-07-01','08:00:00','17:00:00','18:00:00','21:00:00','2018-07-28 13:22:52','2018-07-28 13:22:52'),(391,41,'2018-07-02','08:00:00','12:00:00','18:00:00','20:00:00','2018-07-28 13:22:52','2018-07-28 13:22:52'),(393,43,'2018-07-02','08:00:00','12:00:00','18:00:00','20:00:00','2018-07-28 13:22:52','2018-07-28 13:22:52'),(395,45,'2018-07-02','08:00:00','12:00:00','18:00:00','20:00:00','2018-07-28 13:22:52','2018-07-28 13:22:52'),(397,47,'2018-07-02','08:00:00','12:00:00','18:00:00','20:00:00','2018-07-28 13:22:52','2018-07-28 13:22:52'),(399,49,'2018-07-02','08:00:00','12:00:00','18:00:00','20:00:00','2018-07-28 13:22:52','2018-07-28 13:22:52'),(401,51,'2018-07-02','08:00:00','12:00:00','18:00:00','20:00:00','2018-07-28 13:22:52','2018-07-28 13:22:52'),(403,53,'2018-07-02','08:00:00','12:00:00','18:00:00','20:00:00','2018-07-28 13:22:52','2018-07-28 13:22:52'),(405,55,'2018-07-02','08:00:00','12:00:00','18:00:00','20:00:00','2018-07-28 13:22:52','2018-07-28 13:22:52'),(407,57,'2018-07-02','08:00:00','12:00:00','18:00:00','20:00:00','2018-07-28 13:22:52','2018-07-28 13:22:52'),(409,59,'2018-07-02','08:00:00','12:00:00','18:00:00','20:00:00','2018-07-28 13:22:52','2018-07-28 13:22:52'),(411,61,'2018-07-02','08:00:00','12:00:00','18:00:00','20:00:00','2018-07-28 13:22:52','2018-07-28 13:22:52'),(413,63,'2018-07-02','08:00:00','12:00:00','18:00:00','20:00:00','2018-07-28 13:22:52','2018-07-28 13:22:52'),(415,41,'2018-07-03','08:00:00','17:00:00',NULL,NULL,'2018-07-28 13:22:52','2018-07-28 13:22:52'),(417,43,'2018-07-03','08:00:00','17:00:00',NULL,NULL,'2018-07-28 13:22:52','2018-07-28 13:22:52'),(419,45,'2018-07-03','08:00:00','17:00:00',NULL,NULL,'2018-07-28 13:22:52','2018-07-28 13:22:52'),(421,47,'2018-07-03','08:00:00','17:00:00',NULL,NULL,'2018-07-28 13:22:52','2018-07-28 13:22:52'),(423,49,'2018-07-03','08:00:00','17:00:00',NULL,NULL,'2018-07-28 13:22:52','2018-07-28 13:22:52'),(425,51,'2018-07-03','08:00:00','17:00:00',NULL,NULL,'2018-07-28 13:22:52','2018-07-28 13:22:52'),(427,53,'2018-07-03','08:00:00','17:00:00',NULL,NULL,'2018-07-28 13:22:52','2018-07-28 13:22:52'),(429,55,'2018-07-03','08:00:00','17:00:00',NULL,NULL,'2018-07-28 13:22:52','2018-07-28 13:22:52'),(431,57,'2018-07-03','08:00:00','17:00:00',NULL,NULL,'2018-07-28 13:22:52','2018-07-28 13:22:52'),(433,59,'2018-07-03','08:00:00','17:00:00',NULL,NULL,'2018-07-28 13:22:52','2018-07-28 13:22:52'),(435,61,'2018-07-03','08:00:00','17:00:00',NULL,NULL,'2018-07-28 13:22:52','2018-07-28 13:22:52'),(437,63,'2018-07-03','08:00:00','17:00:00','18:00:00','21:00:00','2018-07-28 13:22:52','2018-07-28 13:22:52'),(439,41,'2018-07-04','08:00:00','17:00:00','18:00:00','21:00:00','2018-07-28 13:22:52','2018-07-28 13:22:52'),(441,43,'2018-07-04','08:00:00','17:00:00','18:00:00','21:00:00','2018-07-28 13:22:52','2018-07-28 13:22:52'),(443,45,'2018-07-04','08:00:00','17:00:00','18:00:00','21:00:00','2018-07-28 13:22:52','2018-07-28 13:22:52'),(445,47,'2018-07-04','08:00:00','17:00:00','18:00:00','21:00:00','2018-07-28 13:22:52','2018-07-28 13:22:52'),(447,49,'2018-07-04','08:00:00','17:00:00','18:00:00','21:00:00','2018-07-28 13:22:52','2018-07-28 13:22:52'),(449,51,'2018-07-04','08:00:00','17:00:00','18:00:00','21:00:00','2018-07-28 13:22:52','2018-07-28 13:22:52'),(451,53,'2018-07-04','08:00:00','17:00:00','18:00:00','21:00:00','2018-07-28 13:22:52','2018-07-28 13:22:52'),(453,55,'2018-07-04','08:00:00','17:00:00','18:00:00','21:00:00','2018-07-28 13:22:52','2018-07-28 13:22:52'),(455,57,'2018-07-04','08:00:00','17:00:00','18:00:00','21:00:00','2018-07-28 13:22:52','2018-07-28 13:22:52'),(457,59,'2018-07-04','08:00:00','17:00:00','18:00:00','21:00:00','2018-07-28 13:22:52','2018-07-28 13:22:52'),(459,61,'2018-07-04','08:00:00','17:00:00','18:00:00','21:00:00','2018-07-28 13:22:52','2018-07-28 13:22:52'),(461,63,'2018-07-04','08:00:00','17:00:00','18:00:00','21:00:00','2018-07-28 13:22:52','2018-07-28 13:22:52'),(463,41,'2018-07-05','08:00:00','17:00:00',NULL,NULL,'2018-07-28 13:22:52','2018-07-28 13:22:52'),(465,43,'2018-07-05','08:00:00','17:00:00',NULL,NULL,'2018-07-28 13:22:52','2018-07-28 13:22:52'),(467,45,'2018-07-05','08:00:00','17:00:00',NULL,NULL,'2018-07-28 13:22:52','2018-07-28 13:22:52'),(469,47,'2018-07-05','08:00:00','17:00:00',NULL,NULL,'2018-07-28 13:22:52','2018-07-28 13:22:52'),(471,49,'2018-07-05','08:00:00','17:00:00',NULL,NULL,'2018-07-28 13:22:52','2018-07-28 13:22:52'),(473,51,'2018-07-05','08:00:00','17:00:00',NULL,NULL,'2018-07-28 13:22:52','2018-07-28 13:22:52'),(475,53,'2018-07-05','08:00:00','17:00:00',NULL,NULL,'2018-07-28 13:22:52','2018-07-28 13:22:52'),(477,55,'2018-07-05','08:00:00','17:00:00',NULL,NULL,'2018-07-28 13:22:52','2018-07-28 13:22:52'),(479,57,'2018-07-05','08:00:00','17:00:00',NULL,NULL,'2018-07-28 13:22:52','2018-07-28 13:22:52'),(481,59,'2018-07-05','08:00:00','17:00:00',NULL,NULL,'2018-07-28 13:22:52','2018-07-28 13:22:52'),(483,61,'2018-07-05','08:00:00','17:00:00',NULL,NULL,'2018-07-28 13:22:52','2018-07-28 13:22:52'),(485,63,'2018-07-05','08:00:00','17:00:00','18:00:00','22:00:00','2018-07-28 13:22:52','2018-07-28 13:22:52'),(487,41,'2018-07-06','08:00:00','12:00:00',NULL,NULL,'2018-07-28 13:22:52','2018-07-28 13:22:52'),(489,43,'2018-07-06','08:00:00','12:00:00',NULL,NULL,'2018-07-28 13:22:52','2018-07-28 13:22:52'),(491,45,'2018-07-06','08:00:00','17:00:00',NULL,NULL,'2018-07-28 13:22:52','2018-07-28 13:22:52'),(493,47,'2018-07-06','08:00:00','12:00:00',NULL,NULL,'2018-07-28 13:22:52','2018-07-28 13:22:52'),(495,49,'2018-07-06','08:00:00','12:00:00',NULL,NULL,'2018-07-28 13:22:52','2018-07-28 13:22:52'),(497,51,'2018-07-06','08:00:00','12:00:00',NULL,NULL,'2018-07-28 13:22:52','2018-07-28 13:22:52'),(499,53,'2018-07-06','08:00:00','12:00:00',NULL,NULL,'2018-07-28 13:22:52','2018-07-28 13:22:52'),(501,55,'2018-07-06','08:00:00','12:00:00',NULL,NULL,'2018-07-28 13:22:52','2018-07-28 13:22:52'),(503,57,'2018-07-06','08:00:00','12:00:00',NULL,NULL,'2018-07-28 13:22:52','2018-07-28 13:22:52'),(505,59,'2018-07-06','08:00:00','12:00:00','18:00:00','21:00:00','2018-07-28 13:22:52','2018-07-28 13:22:52'),(507,61,'2018-07-06','08:00:00','12:00:00','18:00:00','22:00:00','2018-07-28 13:22:52','2018-07-28 13:22:52'),(509,63,'2018-07-06','08:00:00','12:00:00',NULL,NULL,'2018-07-28 13:22:52','2018-07-28 13:22:52'),(511,41,'2018-07-07','08:00:00','17:00:00',NULL,NULL,'2018-07-28 13:22:52','2018-07-28 13:22:52'),(513,43,'2018-07-07','08:00:00','17:00:00',NULL,NULL,'2018-07-28 13:22:52','2018-07-28 13:22:52'),(515,45,'2018-07-07','08:00:00','17:00:00',NULL,NULL,'2018-07-28 13:22:52','2018-07-28 13:22:52'),(517,47,'2018-07-07','08:00:00','17:00:00',NULL,NULL,'2018-07-28 13:22:52','2018-07-28 13:22:52'),(519,49,'2018-07-07','08:00:00','17:00:00',NULL,NULL,'2018-07-28 13:22:52','2018-07-28 13:22:52'),(521,51,'2018-07-07','08:00:00','17:00:00',NULL,NULL,'2018-07-28 13:22:52','2018-07-28 13:22:52'),(523,53,'2018-07-07','08:00:00','17:00:00','18:00:00','21:00:00','2018-07-28 13:22:52','2018-07-28 13:22:52'),(525,55,'2018-07-07','08:00:00','17:00:00','18:00:00','21:00:00','2018-07-28 13:22:52','2018-07-28 13:22:52'),(527,57,'2018-07-07','08:00:00','17:00:00','18:00:00','22:00:00','2018-07-28 13:22:52','2018-07-28 13:22:52'),(529,59,'2018-07-07','08:00:00','17:00:00',NULL,NULL,'2018-07-28 13:22:52','2018-07-28 13:22:52'),(531,61,'2018-07-07','08:00:00','17:00:00',NULL,NULL,'2018-07-28 13:22:52','2018-07-28 13:22:52'),(533,63,'2018-07-07','08:00:00','17:00:00',NULL,NULL,'2018-07-28 13:22:52','2018-07-28 13:22:52'),(535,41,'2018-07-08','08:00:00','17:00:00','18:00:00','21:00:00','2018-07-28 13:22:52','2018-07-28 13:22:52'),(537,43,'2018-07-08','08:00:00','17:00:00','18:00:00','21:00:00','2018-07-28 13:22:52','2018-07-28 13:22:52'),(539,45,'2018-07-08','08:00:00','17:00:00','18:00:00','21:00:00','2018-07-28 13:22:52','2018-07-28 13:22:52'),(541,47,'2018-07-08','08:00:00','17:00:00','18:00:00','21:00:00','2018-07-28 13:22:52','2018-07-28 13:22:52'),(543,49,'2018-07-08','08:00:00','17:00:00','18:00:00','21:00:00','2018-07-28 13:22:52','2018-07-28 13:22:52'),(545,51,'2018-07-08','08:00:00','17:00:00','18:00:00','21:00:00','2018-07-28 13:22:52','2018-07-28 13:22:52'),(547,53,'2018-07-08','08:00:00','17:00:00','18:00:00','21:00:00','2018-07-28 13:22:52','2018-07-28 13:22:52'),(549,55,'2018-07-08','08:00:00','17:00:00','18:00:00','21:00:00','2018-07-28 13:22:52','2018-07-28 13:22:52'),(551,57,'2018-07-08','08:00:00','17:00:00','18:00:00','21:00:00','2018-07-28 13:22:52','2018-07-28 13:22:52'),(553,59,'2018-07-08','08:00:00','17:00:00','18:00:00','21:00:00','2018-07-28 13:22:52','2018-07-28 13:22:52'),(555,61,'2018-07-08','08:00:00','17:00:00','18:00:00','21:00:00','2018-07-28 13:22:52','2018-07-28 13:22:52'),(557,63,'2018-07-08','08:00:00','17:00:00','18:00:00','21:00:00','2018-07-28 13:22:52','2018-07-28 13:22:52'),(559,41,'2018-07-09','08:00:00','17:00:00',NULL,NULL,'2018-07-28 13:22:52','2018-07-28 13:22:52'),(561,43,'2018-07-09','08:00:00','17:00:00',NULL,NULL,'2018-07-28 13:22:52','2018-07-28 13:22:52'),(563,45,'2018-07-09','08:00:00','17:00:00',NULL,NULL,'2018-07-28 13:22:52','2018-07-28 13:22:52'),(565,47,'2018-07-09','08:00:00','17:00:00',NULL,NULL,'2018-07-28 13:22:52','2018-07-28 13:22:52'),(567,49,'2018-07-09','08:00:00','17:00:00',NULL,NULL,'2018-07-28 13:22:52','2018-07-28 13:22:52'),(569,51,'2018-07-09','08:00:00','17:00:00',NULL,NULL,'2018-07-28 13:22:52','2018-07-28 13:22:52'),(571,53,'2018-07-09','08:00:00','17:00:00',NULL,NULL,'2018-07-28 13:22:52','2018-07-28 13:22:52'),(573,55,'2018-07-09','08:00:00','17:00:00',NULL,NULL,'2018-07-28 13:22:52','2018-07-28 13:22:52'),(575,57,'2018-07-09','08:00:00','17:00:00',NULL,NULL,'2018-07-28 13:22:52','2018-07-28 13:22:52'),(577,59,'2018-07-09','08:00:00','17:00:00',NULL,NULL,'2018-07-28 13:22:52','2018-07-28 13:22:52'),(579,61,'2018-07-09','08:00:00','17:00:00',NULL,NULL,'2018-07-28 13:22:52','2018-07-28 13:22:52'),(581,63,'2018-07-09','08:00:00','17:00:00',NULL,NULL,'2018-07-28 13:22:52','2018-07-28 13:22:52'),(583,41,'2018-07-10','08:00:00','17:00:00',NULL,NULL,'2018-07-28 13:22:52','2018-07-28 13:22:52'),(585,43,'2018-07-10','08:00:00','17:00:00',NULL,NULL,'2018-07-28 13:22:52','2018-07-28 13:22:52'),(587,45,'2018-07-10','08:00:00','17:00:00',NULL,NULL,'2018-07-28 13:22:52','2018-07-28 13:22:52'),(589,47,'2018-07-10','08:00:00','17:00:00',NULL,NULL,'2018-07-28 13:22:52','2018-07-28 13:22:52'),(591,49,'2018-07-10','08:00:00','17:00:00',NULL,NULL,'2018-07-28 13:22:52','2018-07-28 13:22:52'),(593,51,'2018-07-10','08:00:00','17:00:00',NULL,NULL,'2018-07-28 13:22:52','2018-07-28 13:22:52'),(595,53,'2018-07-10','08:00:00','17:00:00',NULL,NULL,'2018-07-28 13:22:52','2018-07-28 13:22:52'),(597,55,'2018-07-10','08:00:00','17:00:00',NULL,NULL,'2018-07-28 13:22:52','2018-07-28 13:22:52'),(599,57,'2018-07-10','08:00:00','17:00:00',NULL,NULL,'2018-07-28 13:22:52','2018-07-28 13:22:52'),(601,59,'2018-07-10','08:00:00','17:00:00',NULL,NULL,'2018-07-28 13:22:52','2018-07-28 13:22:52'),(603,61,'2018-07-10','08:00:00','17:00:00',NULL,NULL,'2018-07-28 13:22:52','2018-07-28 13:22:52'),(605,63,'2018-07-10','08:00:00','17:00:00',NULL,NULL,'2018-07-28 13:22:52','2018-07-28 13:22:52'),(607,41,'2018-07-11','08:00:00','17:00:00','18:00:00','22:00:00','2018-07-28 13:22:52','2018-07-28 13:22:52'),(609,43,'2018-07-11','08:00:00','17:00:00','18:00:00','22:00:00','2018-07-28 13:22:52','2018-07-28 13:22:52'),(611,45,'2018-07-11','08:00:00','17:00:00','18:00:00','22:00:00','2018-07-28 13:22:52','2018-07-28 13:22:52'),(613,47,'2018-07-11','08:00:00','17:00:00','18:00:00','22:00:00','2018-07-28 13:22:52','2018-07-28 13:22:52'),(615,49,'2018-07-11','08:00:00','17:00:00','18:00:00','22:00:00','2018-07-28 13:22:52','2018-07-28 13:22:52'),(617,51,'2018-07-11','08:00:00','17:00:00','18:00:00','22:00:00','2018-07-28 13:22:52','2018-07-28 13:22:52'),(619,53,'2018-07-11','08:00:00','17:00:00','18:00:00','22:00:00','2018-07-28 13:22:52','2018-07-28 13:22:52'),(621,55,'2018-07-11','08:00:00','17:00:00','18:00:00','22:00:00','2018-07-28 13:22:52','2018-07-28 13:22:52'),(623,57,'2018-07-11','08:00:00','17:00:00','18:00:00','22:00:00','2018-07-28 13:22:52','2018-07-28 13:22:52'),(625,59,'2018-07-11','08:00:00','17:00:00','18:00:00','22:00:00','2018-07-28 13:22:52','2018-07-28 13:22:52'),(627,61,'2018-07-11','08:00:00','17:00:00','18:00:00','22:00:00','2018-07-28 13:22:52','2018-07-28 13:22:52'),(629,63,'2018-07-11','08:00:00','17:00:00','18:00:00','22:00:00','2018-07-28 13:22:52','2018-07-28 13:22:52'),(631,41,'2018-07-12','08:00:00','17:00:00',NULL,NULL,'2018-07-28 13:22:52','2018-07-28 13:22:52'),(633,43,'2018-07-12','08:00:00','17:00:00',NULL,NULL,'2018-07-28 13:22:52','2018-07-28 13:22:52'),(635,45,'2018-07-12','08:00:00','17:00:00',NULL,NULL,'2018-07-28 13:22:52','2018-07-28 13:22:52'),(637,47,'2018-07-12','08:00:00','17:00:00',NULL,NULL,'2018-07-28 13:22:52','2018-07-28 13:22:52'),(639,49,'2018-07-12','08:00:00','17:00:00',NULL,NULL,'2018-07-28 13:22:52','2018-07-28 13:22:52'),(641,51,'2018-07-12','08:00:00','17:00:00',NULL,NULL,'2018-07-28 13:22:52','2018-07-28 13:22:52'),(643,53,'2018-07-12','08:00:00','17:00:00',NULL,NULL,'2018-07-28 13:22:52','2018-07-28 13:22:52'),(645,55,'2018-07-12','08:00:00','17:00:00',NULL,NULL,'2018-07-28 13:22:52','2018-07-28 13:22:52'),(647,57,'2018-07-12','08:00:00','17:00:00',NULL,NULL,'2018-07-28 13:22:52','2018-07-28 13:22:52'),(649,59,'2018-07-12','08:00:00','17:00:00',NULL,NULL,'2018-07-28 13:22:52','2018-07-28 13:22:52'),(651,61,'2018-07-12','08:00:00','17:00:00',NULL,NULL,'2018-07-28 13:22:52','2018-07-28 13:22:52'),(653,63,'2018-07-12','08:00:00','17:00:00',NULL,NULL,'2018-07-28 13:22:52','2018-07-28 13:22:52'),(655,41,'2018-07-13','08:00:00','17:00:00','18:00:00','22:00:00','2018-07-28 13:22:52','2018-07-28 13:22:52'),(657,43,'2018-07-13','08:00:00','17:00:00','18:00:00','22:00:00','2018-07-28 13:22:52','2018-07-28 13:22:52'),(659,45,'2018-07-13','08:00:00','17:00:00','18:00:00','22:00:00','2018-07-28 13:22:52','2018-07-28 13:22:52'),(661,47,'2018-07-13','08:00:00','17:00:00','18:00:00','22:00:00','2018-07-28 13:22:52','2018-07-28 13:22:52'),(663,49,'2018-07-13','08:00:00','17:00:00','18:00:00','22:00:00','2018-07-28 13:22:52','2018-07-28 13:22:52'),(665,51,'2018-07-13','08:00:00','17:00:00','18:00:00','22:00:00','2018-07-28 13:22:52','2018-07-28 13:22:52'),(667,53,'2018-07-13','08:00:00','17:00:00','18:00:00','22:00:00','2018-07-28 13:22:52','2018-07-28 13:22:52'),(669,55,'2018-07-13','08:00:00','17:00:00','18:00:00','22:00:00','2018-07-28 13:22:52','2018-07-28 13:22:52'),(671,57,'2018-07-13','08:00:00','17:00:00','18:00:00','22:00:00','2018-07-28 13:22:52','2018-07-28 13:22:52'),(673,59,'2018-07-13','08:00:00','17:00:00','18:00:00','22:00:00','2018-07-28 13:22:52','2018-07-28 13:22:52'),(675,61,'2018-07-13','08:00:00','17:00:00','18:00:00','22:00:00','2018-07-28 13:22:52','2018-07-28 13:22:52'),(677,63,'2018-07-13','08:00:00','17:00:00','18:00:00','22:00:00','2018-07-28 13:22:52','2018-07-28 13:22:52'),(679,41,'2018-07-14','08:00:00','17:00:00',NULL,NULL,'2018-07-28 13:22:52','2018-07-28 13:22:52'),(681,43,'2018-07-14','08:00:00','17:00:00',NULL,NULL,'2018-07-28 13:22:52','2018-07-28 13:22:52'),(683,45,'2018-07-14','08:00:00','17:00:00',NULL,NULL,'2018-07-28 13:22:52','2018-07-28 13:22:52'),(685,47,'2018-07-14','08:00:00','17:00:00',NULL,NULL,'2018-07-28 13:22:52','2018-07-28 13:22:52'),(687,49,'2018-07-14','08:00:00','17:00:00',NULL,NULL,'2018-07-28 13:22:52','2018-07-28 13:22:52'),(689,51,'2018-07-14','08:00:00','17:00:00',NULL,NULL,'2018-07-28 13:22:52','2018-07-28 13:22:52'),(691,53,'2018-07-14','08:00:00','17:00:00',NULL,NULL,'2018-07-28 13:22:52','2018-07-28 13:22:52'),(693,55,'2018-07-14','08:00:00','17:00:00',NULL,NULL,'2018-07-28 13:22:52','2018-07-28 13:22:52'),(695,57,'2018-07-14','08:00:00','17:00:00',NULL,NULL,'2018-07-28 13:22:52','2018-07-28 13:22:52'),(697,59,'2018-07-14','08:00:00','17:00:00',NULL,NULL,'2018-07-28 13:22:52','2018-07-28 13:22:52'),(699,61,'2018-07-14','08:00:00','17:00:00',NULL,NULL,'2018-07-28 13:22:52','2018-07-28 13:22:52'),(701,63,'2018-07-14','08:00:00','17:00:00',NULL,NULL,'2018-07-28 13:22:52','2018-07-28 13:22:52'),(703,41,'2018-07-15','08:00:00','17:00:00','18:00:00','22:00:00','2018-07-28 13:22:52','2018-07-28 13:22:52'),(705,43,'2018-07-15','08:00:00','17:00:00','18:00:00','22:00:00','2018-07-28 13:22:52','2018-07-28 13:22:52'),(707,45,'2018-07-15','08:00:00','17:00:00','18:00:00','22:00:00','2018-07-28 13:22:52','2018-07-28 13:22:52'),(709,47,'2018-07-15','08:00:00','17:00:00','18:00:00','22:00:00','2018-07-28 13:22:52','2018-07-28 13:22:52'),(711,49,'2018-07-15','08:00:00','17:00:00','18:00:00','22:00:00','2018-07-28 13:22:52','2018-07-28 13:22:52'),(713,51,'2018-07-15','08:00:00','17:00:00','18:00:00','22:00:00','2018-07-28 13:22:52','2018-07-28 13:22:52'),(715,53,'2018-07-15','08:00:00','17:00:00','18:00:00','22:00:00','2018-07-28 13:22:52','2018-07-28 13:22:52'),(717,55,'2018-07-15','08:00:00','17:00:00','18:00:00','22:00:00','2018-07-28 13:22:52','2018-07-28 13:22:52'),(719,57,'2018-07-15','08:00:00','17:00:00','18:00:00','22:00:00','2018-07-28 13:22:52','2018-07-28 13:22:52'),(721,59,'2018-07-15','08:00:00','17:00:00','18:00:00','22:00:00','2018-07-28 13:22:52','2018-07-28 13:22:52'),(723,61,'2018-07-15','08:00:00','17:00:00','18:00:00','22:00:00','2018-07-28 13:22:52','2018-07-28 13:22:52'),(725,63,'2018-07-15','08:00:00','17:00:00','18:00:00','22:00:00','2018-07-28 13:22:52','2018-07-28 13:22:52'),(877,41,'2018-07-28','08:00:00',NULL,NULL,NULL,'2018-07-28 08:34:38','2018-07-28 08:34:38'),(887,45,'2018-07-28','08:00:00',NULL,NULL,NULL,'2018-07-28 10:35:12','2018-07-28 10:35:12');

/*Table structure for table `calculates` */

DROP TABLE IF EXISTS `calculates`;

CREATE TABLE `calculates` (
  `id` int(10) unsigned NOT NULL AUTO_INCREMENT,
  `employee_id` int(11) NOT NULL,
  `calculate_start` date NOT NULL,
  `calculate_end` date NOT NULL,
  `calculate_period` int(11) NOT NULL DEFAULT '0',
  `calculate_attend` int(11) NOT NULL DEFAULT '0',
  `calculate_overtime` decimal(12,2) NOT NULL DEFAULT '0.00',
  `calculate_gapok` decimal(12,2) NOT NULL DEFAULT '0.00',
  `calculate_allowance` decimal(12,2) NOT NULL DEFAULT '0.00',
  `calculate_overtime_amount` decimal(12,2) NOT NULL DEFAULT '0.00',
  `created_at` timestamp NULL DEFAULT NULL,
  `updated_at` timestamp NULL DEFAULT NULL,
  PRIMARY KEY (`id`)
) ENGINE=InnoDB AUTO_INCREMENT=31 DEFAULT CHARSET=utf8mb4 COLLATE=utf8mb4_unicode_ci;

/*Data for the table `calculates` */

insert  into `calculates`(`id`,`employee_id`,`calculate_start`,`calculate_end`,`calculate_period`,`calculate_attend`,`calculate_overtime`,`calculate_gapok`,`calculate_allowance`,`calculate_overtime_amount`,`created_at`,`updated_at`) values (1,41,'2018-06-01','2018-06-15',6,112,23.00,2800000.00,0.00,460000.00,'2018-07-28 18:37:04','2018-07-28 18:37:04'),(3,43,'2018-06-01','2018-06-15',6,112,23.00,2100000.00,0.00,460000.00,'2018-07-28 18:37:04','2018-07-28 18:37:04'),(5,45,'2018-06-01','2018-06-15',6,116,23.00,2175000.00,0.00,460000.00,'2018-07-28 18:37:04','2018-07-28 18:37:04'),(7,47,'2018-06-01','2018-06-15',6,112,23.00,2100000.00,0.00,460000.00,'2018-07-28 18:37:04','2018-07-28 18:37:04'),(9,49,'2018-06-01','2018-06-15',6,112,23.00,2100000.00,0.00,460000.00,'2018-07-28 18:37:04','2018-07-28 18:37:04'),(11,51,'2018-06-01','2018-06-15',6,112,23.00,2100000.00,0.00,460000.00,'2018-07-28 18:37:04','2018-07-28 18:37:04'),(13,53,'2018-06-01','2018-06-15',6,112,26.00,2100000.00,0.00,520000.00,'2018-07-28 18:37:04','2018-07-28 18:37:04'),(15,55,'2018-06-01','2018-06-15',6,112,26.00,2100000.00,0.00,520000.00,'2018-07-28 18:37:04','2018-07-28 18:37:04'),(17,57,'2018-06-01','2018-06-15',6,112,27.00,2100000.00,0.00,540000.00,'2018-07-28 18:37:04','2018-07-28 18:37:04'),(19,59,'2018-06-01','2018-06-15',6,112,26.00,2100000.00,0.00,520000.00,'2018-07-28 18:37:04','2018-07-28 18:37:04'),(21,61,'2018-06-01','2018-06-15',6,112,27.00,2100000.00,0.00,540000.00,'2018-07-28 18:37:04','2018-07-28 18:37:04'),(23,63,'2018-06-01','2018-06-15',6,112,30.00,2100000.00,0.00,600000.00,'2018-07-28 18:37:04','2018-07-28 18:37:04');

/*Table structure for table `departments` */

DROP TABLE IF EXISTS `departments`;

CREATE TABLE `departments` (
  `id` int(10) unsigned NOT NULL AUTO_INCREMENT,
  `department_code` varchar(6) COLLATE utf8mb4_unicode_ci NOT NULL,
  `department_name` varchar(80) COLLATE utf8mb4_unicode_ci NOT NULL,
  `department_desc` varchar(120) COLLATE utf8mb4_unicode_ci DEFAULT NULL,
  `department_status` int(11) NOT NULL DEFAULT '0',
  `user_id` int(11) NOT NULL,
  `created_at` timestamp NULL DEFAULT NULL,
  `updated_at` timestamp NULL DEFAULT NULL,
  `deleted_at` timestamp NULL DEFAULT NULL,
  PRIMARY KEY (`id`)
) ENGINE=InnoDB AUTO_INCREMENT=6 DEFAULT CHARSET=utf8mb4 COLLATE=utf8mb4_unicode_ci;

/*Data for the table `departments` */

insert  into `departments`(`id`,`department_code`,`department_name`,`department_desc`,`department_status`,`user_id`,`created_at`,`updated_at`,`deleted_at`) values (1,'FA','Finance Accounting','Keuangan',0,3,'2018-07-07 07:54:24','2018-07-07 07:54:24',NULL),(3,'MKT','Marketing','Yang Cari duit',0,1,'2018-07-07 10:50:08','2018-07-07 10:50:08',NULL),(5,'PRJ','Proyek',NULL,0,1,'2018-07-07 10:50:08','2018-07-07 10:50:08',NULL);

/*Table structure for table `employees` */

DROP TABLE IF EXISTS `employees`;

CREATE TABLE `employees` (
  `id` int(10) unsigned NOT NULL AUTO_INCREMENT,
  `user_id` int(11) NOT NULL,
  `employee_code` varchar(10) COLLATE utf8mb4_unicode_ci DEFAULT NULL,
  `employee_address` varchar(180) COLLATE utf8mb4_unicode_ci DEFAULT NULL,
  `employee_birthdate` date DEFAULT NULL,
  `employee_join_date` date DEFAULT NULL,
  `department_id` int(11) NOT NULL DEFAULT '0',
  `position_id` int(11) NOT NULL DEFAULT '0',
  `employee_basic` decimal(12,2) NOT NULL DEFAULT '0.00',
  `employee_allowance` decimal(12,2) NOT NULL DEFAULT '0.00',
  `employee_status` int(11) NOT NULL DEFAULT '0',
  `created_at` timestamp NULL DEFAULT NULL,
  `updated_at` timestamp NULL DEFAULT NULL,
  `deleted_at` timestamp NULL DEFAULT NULL,
  PRIMARY KEY (`id`)
) ENGINE=InnoDB AUTO_INCREMENT=64 DEFAULT CHARSET=utf8mb4 COLLATE=utf8mb4_unicode_ci;

/*Data for the table `employees` */

insert  into `employees`(`id`,`user_id`,`employee_code`,`employee_address`,`employee_birthdate`,`employee_join_date`,`department_id`,`position_id`,`employee_basic`,`employee_allowance`,`employee_status`,`created_at`,`updated_at`,`deleted_at`) values (35,1,'FA17001',NULL,'1994-01-01','2017-01-01',1,3,4000000.00,500000.00,0,NULL,NULL,NULL),(37,3,'MKT16001',NULL,'1988-02-01','2016-02-01',3,5,4500000.00,1000000.00,0,NULL,NULL,NULL),(41,33,'PRJ16001',NULL,'1990-07-10','2016-11-16',5,7,200000.00,20000.00,0,'2018-07-26 15:51:34','2018-07-26 15:51:34',NULL),(43,35,'PRJ16002',NULL,'1988-02-01','2016-02-01',5,7,150000.00,20000.00,0,'2018-07-26 16:03:35','2018-07-26 16:03:35',NULL),(45,37,'PRJ17001',NULL,'1992-07-09','2017-11-14',5,7,150000.00,20000.00,0,'2018-07-26 16:04:54','2018-07-26 16:04:54',NULL),(47,39,'PRJ17002',NULL,'1991-01-02','2017-06-14',5,7,150000.00,20000.00,0,'2018-07-26 16:05:59','2018-07-26 16:05:59',NULL),(49,41,'PRJ17003',NULL,'1991-01-02','2017-06-14',5,7,150000.00,20000.00,0,'2018-07-26 16:09:45','2018-07-26 16:09:45',NULL),(51,43,'PRJ17004',NULL,'1991-01-02','2017-06-14',5,7,150000.00,20000.00,0,'2018-07-26 16:11:03','2018-07-26 16:11:03',NULL),(53,45,'PRJ17005',NULL,'1991-02-04','2017-06-14',5,7,150000.00,20000.00,0,'2018-07-26 16:13:27','2018-07-26 16:13:27',NULL),(55,47,'PRJ17006',NULL,'1991-01-02','2017-06-14',5,7,150000.00,20000.00,0,'2018-07-26 16:14:15','2018-07-26 16:14:15',NULL),(57,49,'PRJ17007',NULL,'1991-04-02','2017-06-14',5,7,150000.00,20000.00,0,'2018-07-26 16:15:36','2018-07-26 16:15:36',NULL),(59,51,'PRJ17008',NULL,'1991-02-05','2017-06-14',5,7,150000.00,20000.00,0,'2018-07-26 16:18:01','2018-07-26 16:18:01',NULL),(61,53,'PRJ17009',NULL,'1991-02-03','2017-02-14',5,7,150000.00,20000.00,0,'2018-07-26 16:18:40','2018-07-26 16:18:40',NULL),(63,55,'PRJ17010',NULL,'1990-04-02','2017-02-01',5,7,150000.00,20000.00,0,'2018-07-26 16:19:40','2018-07-26 16:19:40',NULL);

/*Table structure for table `migrations` */

DROP TABLE IF EXISTS `migrations`;

CREATE TABLE `migrations` (
  `id` int(10) unsigned NOT NULL AUTO_INCREMENT,
  `migration` varchar(191) COLLATE utf8mb4_unicode_ci NOT NULL,
  `batch` int(11) NOT NULL,
  PRIMARY KEY (`id`)
) ENGINE=InnoDB AUTO_INCREMENT=22 DEFAULT CHARSET=utf8mb4 COLLATE=utf8mb4_unicode_ci;

/*Data for the table `migrations` */

insert  into `migrations`(`id`,`migration`,`batch`) values (1,'2014_10_12_000000_create_users_table',1),(3,'2014_10_12_100000_create_password_resets_table',1),(5,'2018_06_02_034915_create_employees_table',1),(7,'2018_06_02_034930_create_departments_table',1),(9,'2018_06_02_035005_create_attends_table',1),(11,'2018_06_06_132652_create_positions_table',1),(13,'2018_06_06_133020_create_advances_table',1),(15,'2018_06_06_164229_create_projects_table',1),(17,'2018_06_06_164316_create_project_details_table',1),(19,'2018_07_08_161504_create_calculates_table',1),(21,'2018_07_18_124650_create_permission_tables',1);

/*Table structure for table `model_has_permissions` */

DROP TABLE IF EXISTS `model_has_permissions`;

CREATE TABLE `model_has_permissions` (
  `permission_id` int(10) unsigned NOT NULL,
  `model_id` int(10) unsigned NOT NULL,
  `model_type` varchar(191) COLLATE utf8mb4_unicode_ci NOT NULL,
  PRIMARY KEY (`permission_id`,`model_id`,`model_type`),
  KEY `model_has_permissions_model_id_model_type_index` (`model_id`,`model_type`),
  CONSTRAINT `model_has_permissions_permission_id_foreign` FOREIGN KEY (`permission_id`) REFERENCES `permissions` (`id`) ON DELETE CASCADE
) ENGINE=InnoDB DEFAULT CHARSET=utf8mb4 COLLATE=utf8mb4_unicode_ci;

/*Data for the table `model_has_permissions` */

/*Table structure for table `model_has_roles` */

DROP TABLE IF EXISTS `model_has_roles`;

CREATE TABLE `model_has_roles` (
  `role_id` int(10) unsigned NOT NULL,
  `model_id` int(10) unsigned NOT NULL,
  `model_type` varchar(191) COLLATE utf8mb4_unicode_ci NOT NULL,
  PRIMARY KEY (`role_id`,`model_id`,`model_type`),
  KEY `model_has_roles_model_id_model_type_index` (`model_id`,`model_type`),
  CONSTRAINT `model_has_roles_role_id_foreign` FOREIGN KEY (`role_id`) REFERENCES `roles` (`id`) ON DELETE CASCADE
) ENGINE=InnoDB DEFAULT CHARSET=utf8mb4 COLLATE=utf8mb4_unicode_ci;

/*Data for the table `model_has_roles` */

insert  into `model_has_roles`(`role_id`,`model_id`,`model_type`) values (1,1,'App\\User'),(3,3,'App\\User'),(3,33,'App\\User'),(3,35,'App\\User'),(3,37,'App\\User'),(3,39,'App\\User'),(3,41,'App\\User'),(3,43,'App\\User'),(3,45,'App\\User'),(3,47,'App\\User'),(3,49,'App\\User'),(3,51,'App\\User'),(3,53,'App\\User'),(3,55,'App\\User');

/*Table structure for table `password_resets` */

DROP TABLE IF EXISTS `password_resets`;

CREATE TABLE `password_resets` (
  `email` varchar(191) COLLATE utf8mb4_unicode_ci NOT NULL,
  `token` varchar(191) COLLATE utf8mb4_unicode_ci NOT NULL,
  `created_at` timestamp NULL DEFAULT NULL,
  KEY `password_resets_email_index` (`email`)
) ENGINE=InnoDB DEFAULT CHARSET=utf8mb4 COLLATE=utf8mb4_unicode_ci;

/*Data for the table `password_resets` */

/*Table structure for table `permissions` */

DROP TABLE IF EXISTS `permissions`;

CREATE TABLE `permissions` (
  `id` int(10) unsigned NOT NULL AUTO_INCREMENT,
  `name` varchar(191) COLLATE utf8mb4_unicode_ci NOT NULL,
  `guard_name` varchar(191) COLLATE utf8mb4_unicode_ci NOT NULL,
  `created_at` timestamp NULL DEFAULT NULL,
  `updated_at` timestamp NULL DEFAULT NULL,
  PRIMARY KEY (`id`)
) ENGINE=InnoDB AUTO_INCREMENT=60 DEFAULT CHARSET=utf8mb4 COLLATE=utf8mb4_unicode_ci;

/*Data for the table `permissions` */

insert  into `permissions`(`id`,`name`,`guard_name`,`created_at`,`updated_at`) values (1,'View Departemen','web','2018-07-26 13:11:14','2018-07-26 13:11:14'),(3,'Add Departemen','web','2018-07-26 13:11:15','2018-07-26 13:11:15'),(5,'Edit Departemen','web','2018-07-26 13:11:15','2018-07-26 13:11:15'),(7,'Delete Departemen','web','2018-07-26 13:11:15','2018-07-26 13:11:15'),(9,'View Jabatan','web','2018-07-26 13:11:15','2018-07-26 13:11:15'),(11,'Add Jabatan','web','2018-07-26 13:11:15','2018-07-26 13:11:15'),(13,'Edit Jabatan','web','2018-07-26 13:11:15','2018-07-26 13:11:15'),(15,'Delete Jabatan','web','2018-07-26 13:11:15','2018-07-26 13:11:15'),(17,'View Pegawai','web','2018-07-26 13:11:15','2018-07-26 13:11:15'),(19,'Add Pegawai','web','2018-07-26 13:11:15','2018-07-26 13:11:15'),(21,'Edit Pegawai','web','2018-07-26 13:11:15','2018-07-26 13:11:15'),(23,'Delete Pegawai','web','2018-07-26 13:11:16','2018-07-26 13:11:16'),(25,'View Proyek','web','2018-07-26 13:11:16','2018-07-26 13:11:16'),(27,'Add Proyek','web','2018-07-26 13:11:16','2018-07-26 13:11:16'),(29,'Edit Proyek','web','2018-07-26 13:11:16','2018-07-26 13:11:16'),(31,'Delete Proyek','web','2018-07-26 13:11:16','2018-07-26 13:11:16'),(33,'View Absensi','web','2018-07-26 13:11:17','2018-07-26 13:11:17'),(35,'Add Absensi','web','2018-07-26 13:11:17','2018-07-26 13:11:17'),(37,'Edit Absensi','web','2018-07-26 13:11:18','2018-07-26 13:11:18'),(39,'View Kasbon','web','2018-07-26 13:11:18','2018-07-26 13:11:18'),(41,'Add Kasbon','web','2018-07-26 13:11:18','2018-07-26 13:11:18'),(43,'Edit Kasbon','web','2018-07-26 13:11:18','2018-07-26 13:11:18'),(45,'Delete Kasbon','web','2018-07-26 13:11:19','2018-07-26 13:11:19'),(47,'View Gaji','web','2018-07-26 13:11:19','2018-07-26 13:11:19'),(49,'Add Gaji','web','2018-07-26 13:11:19','2018-07-26 13:11:19'),(51,'Edit Gaji','web','2018-07-26 13:11:19','2018-07-26 13:11:19'),(53,'Delete Gaji','web','2018-07-26 13:11:19','2018-07-26 13:11:19'),(55,'View Laporan','web','2018-07-26 13:11:20','2018-07-26 13:11:20'),(57,'View Setting','web','2018-07-26 13:11:20','2018-07-26 13:11:20'),(59,'View Dashboard','web','2018-07-26 13:11:20','2018-07-26 13:11:20');

/*Table structure for table `positions` */

DROP TABLE IF EXISTS `positions`;

CREATE TABLE `positions` (
  `id` int(10) unsigned NOT NULL AUTO_INCREMENT,
  `position_name` varchar(80) COLLATE utf8mb4_unicode_ci NOT NULL,
  `position_status` int(11) NOT NULL DEFAULT '0',
  `user_id` int(11) NOT NULL,
  `created_at` timestamp NULL DEFAULT NULL,
  `updated_at` timestamp NULL DEFAULT NULL,
  `deleted_at` timestamp NULL DEFAULT NULL,
  PRIMARY KEY (`id`)
) ENGINE=InnoDB AUTO_INCREMENT=8 DEFAULT CHARSET=utf8mb4 COLLATE=utf8mb4_unicode_ci;

/*Data for the table `positions` */

insert  into `positions`(`id`,`position_name`,`position_status`,`user_id`,`created_at`,`updated_at`,`deleted_at`) values (1,'Mandor',0,1,'2018-07-07 10:50:19','2018-07-07 10:50:19',NULL),(3,'Keuangan',0,1,'2018-07-07 10:50:30','2018-07-07 10:50:30',NULL),(5,'Supervisor',0,1,'2018-07-07 10:50:36','2018-07-07 10:50:36',NULL),(7,'Tukang Kayu',0,1,'2018-07-07 10:50:36','2018-07-07 10:50:36',NULL);

/*Table structure for table `project_details` */

DROP TABLE IF EXISTS `project_details`;

CREATE TABLE `project_details` (
  `id` int(10) unsigned NOT NULL AUTO_INCREMENT,
  `project_id` int(11) NOT NULL,
  `employee_id` int(11) NOT NULL,
  `position_id` int(11) NOT NULL,
  `project_detail_joint` date NOT NULL,
  `project_detail_close` date DEFAULT NULL,
  `project_detail_status` int(11) NOT NULL DEFAULT '0',
  `project_detail_memo` varchar(80) COLLATE utf8mb4_unicode_ci DEFAULT NULL,
  `user_id` int(11) NOT NULL,
  `created_at` timestamp NULL DEFAULT NULL,
  `updated_at` timestamp NULL DEFAULT NULL,
  `deleted_at` timestamp NULL DEFAULT NULL,
  PRIMARY KEY (`id`)
) ENGINE=InnoDB DEFAULT CHARSET=utf8mb4 COLLATE=utf8mb4_unicode_ci;

/*Data for the table `project_details` */

/*Table structure for table `projects` */

DROP TABLE IF EXISTS `projects`;

CREATE TABLE `projects` (
  `id` int(10) unsigned NOT NULL AUTO_INCREMENT,
  `project_code` varchar(20) COLLATE utf8mb4_unicode_ci NOT NULL,
  `project_name` varchar(180) COLLATE utf8mb4_unicode_ci DEFAULT NULL,
  `project_desc` varchar(255) COLLATE utf8mb4_unicode_ci DEFAULT NULL,
  `project_start` date NOT NULL,
  `project_end` date NOT NULL,
  `project_amounts` decimal(18,2) NOT NULL DEFAULT '0.00',
  `employee_id` int(11) NOT NULL,
  `project_status` int(11) NOT NULL DEFAULT '0',
  `user_id` int(11) NOT NULL,
  `created_at` timestamp NULL DEFAULT NULL,
  `updated_at` timestamp NULL DEFAULT NULL,
  `deleted_at` timestamp NULL DEFAULT NULL,
  PRIMARY KEY (`id`)
) ENGINE=InnoDB AUTO_INCREMENT=2 DEFAULT CHARSET=utf8mb4 COLLATE=utf8mb4_unicode_ci;

/*Data for the table `projects` */

insert  into `projects`(`id`,`project_code`,`project_name`,`project_desc`,`project_start`,`project_end`,`project_amounts`,`employee_id`,`project_status`,`user_id`,`created_at`,`updated_at`,`deleted_at`) values (1,'PJ875','Project Phase 2','ABD','2018-02-01','2018-12-02',190000000.00,41,0,1,'2018-07-07 10:54:17','2018-07-07 10:54:17',NULL);

/*Table structure for table `role_has_permissions` */

DROP TABLE IF EXISTS `role_has_permissions`;

CREATE TABLE `role_has_permissions` (
  `permission_id` int(10) unsigned NOT NULL,
  `role_id` int(10) unsigned NOT NULL,
  PRIMARY KEY (`permission_id`,`role_id`),
  KEY `role_has_permissions_role_id_foreign` (`role_id`),
  CONSTRAINT `role_has_permissions_permission_id_foreign` FOREIGN KEY (`permission_id`) REFERENCES `permissions` (`id`) ON DELETE CASCADE,
  CONSTRAINT `role_has_permissions_role_id_foreign` FOREIGN KEY (`role_id`) REFERENCES `roles` (`id`) ON DELETE CASCADE
) ENGINE=InnoDB DEFAULT CHARSET=utf8mb4 COLLATE=utf8mb4_unicode_ci;

/*Data for the table `role_has_permissions` */

insert  into `role_has_permissions`(`permission_id`,`role_id`) values (1,1),(1,3),(3,1),(5,1),(7,1),(9,1),(9,3),(11,1),(13,1),(15,1),(17,1),(17,3),(19,1),(21,1),(23,1),(25,1),(25,3),(27,1),(29,1),(31,1),(33,1),(33,3),(35,1),(35,3),(37,1),(37,3),(39,1),(39,3),(41,1),(43,1),(45,1),(47,1),(47,3),(49,1),(51,1),(53,1),(55,1),(55,3),(57,1),(57,3),(59,1),(59,3);

/*Table structure for table `roles` */

DROP TABLE IF EXISTS `roles`;

CREATE TABLE `roles` (
  `id` int(10) unsigned NOT NULL AUTO_INCREMENT,
  `name` varchar(191) COLLATE utf8mb4_unicode_ci NOT NULL,
  `guard_name` varchar(191) COLLATE utf8mb4_unicode_ci NOT NULL,
  `created_at` timestamp NULL DEFAULT NULL,
  `updated_at` timestamp NULL DEFAULT NULL,
  PRIMARY KEY (`id`)
) ENGINE=InnoDB AUTO_INCREMENT=4 DEFAULT CHARSET=utf8mb4 COLLATE=utf8mb4_unicode_ci;

/*Data for the table `roles` */

insert  into `roles`(`id`,`name`,`guard_name`,`created_at`,`updated_at`) values (1,'Admin','web','2018-07-26 13:11:42','2018-07-26 13:11:42'),(3,'User','web','2018-07-26 13:11:44','2018-07-26 13:11:44');

/*Table structure for table `users` */

DROP TABLE IF EXISTS `users`;

CREATE TABLE `users` (
  `id` int(10) unsigned NOT NULL AUTO_INCREMENT,
  `name` varchar(191) COLLATE utf8mb4_unicode_ci NOT NULL,
  `email` varchar(191) COLLATE utf8mb4_unicode_ci NOT NULL,
  `password` varchar(191) COLLATE utf8mb4_unicode_ci NOT NULL,
  `remember_token` varchar(100) COLLATE utf8mb4_unicode_ci DEFAULT NULL,
  `created_at` timestamp NULL DEFAULT NULL,
  `updated_at` timestamp NULL DEFAULT NULL,
  PRIMARY KEY (`id`),
  UNIQUE KEY `users_email_unique` (`email`)
) ENGINE=InnoDB AUTO_INCREMENT=56 DEFAULT CHARSET=utf8mb4 COLLATE=utf8mb4_unicode_ci;

/*Data for the table `users` */

insert  into `users`(`id`,`name`,`email`,`password`,`remember_token`,`created_at`,`updated_at`) values (1,'Nick Cremin','ashtyn06@example.org','$2y$10$zuCG2ciKqd9wLvIt1fJAou4.mHXosAdYemz0XFJnmba2eD39L3V2q','1os0PikpjZHuWFz5wQDrfvAu01eWMlPV6cglVKn6wWpyGYrLW3QTWpy5wEfx','2018-07-26 13:11:44','2018-07-26 13:11:44'),(3,'Granville Christiansen V','kitty02@example.org','$2y$10$W52jb/ZLe.TJLlzCEHtqWOblJyHMGPGim/LEhH7MnNvwjh1MLQ/Eq','35gHODuySJ','2018-07-26 13:11:45','2018-07-26 13:11:45'),(33,'Gunawan','gunawan@contoh.id','$2y$10$UF04AQOgjODvHZnmBXMFbOcS/Mzb7H6ZtzVlPTVZtdRdtTyPO23je','lhsapXWG0ngJvWYn0M4muoXran7HAIxJcIvvR2ssDGg92fgqXPkoORr7Sgfb','2018-07-26 15:51:33','2018-07-26 15:51:33'),(35,'AYISUHENDI','ayisuhendi@contoh.id','$2y$10$UB7q227LsUbp1CZ2YlE4RekcBEWXHZxW.nUC.70Pu1N8Q3pXSBSD6',NULL,'2018-07-26 16:03:35','2018-07-26 16:03:35'),(37,'GINANDAR','ginandar@contoh.id','$2y$10$lRil9qkulVwwBTRX01vZQ.xn3m4Ke24LDvSat7G0jxxUIh0abMrI6','cI9Rlwj1xIjMqg7bnShGyLf9auJONoRDQTjEo0P3ZFa3jsf3LPek1DiVP9TS','2018-07-26 16:04:54','2018-07-26 16:04:54'),(39,'NANAN','nanan@contoh.id','$2y$10$Z2s9i6aPswVkuj5cHTTYneEvwxGxo/fuoZwhQesnBQdEFp0a455Vq',NULL,'2018-07-26 16:05:57','2018-07-26 16:05:57'),(41,'PEPEN','pepen@contoh.id','$2y$10$tN59s2DrzNeGch1807m7teNmeKvhXao/C4Cei2rZtGyYBH9ux9JSG',NULL,'2018-07-26 16:09:45','2018-07-26 16:09:45'),(43,'MISRON','misron@contoh.id','$2y$10$GQGiaTSQExmtz6CCJ.SCWeCSRVLmt8uldhMq2tyFwLfu46psPhyly',NULL,'2018-07-26 16:11:03','2018-07-26 16:11:03'),(45,'NURODIN','nurodin@contoh.id','$2y$10$1AReDENpYZTEwOLRChqy9.SQA3xYvatkcghlO2hnP5b8sJMNoyTY6',NULL,'2018-07-26 16:13:27','2018-07-26 16:13:27'),(47,'YUSUP','Yusup@contoh.id','$2y$10$hzXfmhaeLc1lw8MAh1yh3On/cu8yHgiIrTmT0eBf/jTX.TJ6soKk6',NULL,'2018-07-26 16:14:15','2018-07-26 16:14:15'),(49,'UTIEDI','utiedi@contoh.id','$2y$10$bbBn48bzmBuN.kMDh.UW.Ofbx2z5pdxvIQxOucNDFHwmtEcGjp7Eu',NULL,'2018-07-26 16:15:36','2018-07-26 16:15:36'),(51,'MUSLIH','muslih@contoh.id','$2y$10$Ulk.LmlJtLSXBXXwjcqc4exrjoV2EZlReFwsnag4pHzCagBI2Ed9q',NULL,'2018-07-26 16:18:01','2018-07-26 16:18:01'),(53,'RUSTANDI','rustandi@contoh.id','$2y$10$fTMdcvF5NeSAFFoVbLI4MeY0aoU6xyQN4E1vGH1GKoTc8K0gfmnhO',NULL,'2018-07-26 16:18:40','2018-07-26 16:18:40'),(55,'DEDE','dede@contoh.id','$2y$10$uuCtZoL56WwRgW1P8yLwdeQmBT32BEzqg6JOjp6zP0x0O3rkar1b.',NULL,'2018-07-26 16:19:40','2018-07-26 16:19:40');

/*!40101 SET SQL_MODE=@OLD_SQL_MODE */;
/*!40014 SET FOREIGN_KEY_CHECKS=@OLD_FOREIGN_KEY_CHECKS */;
/*!40014 SET UNIQUE_CHECKS=@OLD_UNIQUE_CHECKS */;
/*!40111 SET SQL_NOTES=@OLD_SQL_NOTES */;
